<?xml version="1.0" encoding="UTF-8" ?>
<!DOCTYPE mapper
  PUBLIC "-//mybatis.org//DTD Mapper 3.0//EN"
  "http://mybatis.org/dtd/mybatis-3-mapper.dtd">
<mapper namespace="com.web.dao.DepartmentDao">
 
 <resultMap type="Department" id="resultDepartment">
 	    <id column="departmentID" property="departmentID"/>
 		<result column="departmentName" property="departmentName"/>
 		<result column="departmentAddress" property="departmentAddress"/>
 		<result column="departmentPhone" property="departmentPhone"/>
 		<result column="isDelete" property="isDelete"/>
 </resultMap>
 
 <insert id="insert" parameterType="Department">
 	insert into Department values(0,#{departmentID},#{departmentName},#{departmentAddress},#{departmentPhone})
 </insert>
   
  <sql id="departmentCondition">
		 <where>
		 departmentID is not null
		   <if test="departmentName!=null and departmentName!=''">
		    		and d.departmentName like concat('%',concat(#{departmentName},'%'))
	    	</if>
	    	<if test="departmentPhone!=null and departmentPhone!=''">
	    		and d.departmentPhone like concat('%',concat(#{departmentPhone},'%'))
	    	</if>
	    	<if test="departmentAddress!=null and departmentAddress!=''">
	    		and d.departmentAddress like '%${departmentAddress}%'
	    	</if>
	    	and d.isDelete=0 
		  </where>
  </sql>
  
  <select id="queryByCondition"  resultMap="resultDepartment" parameterType="Department">
 	 select * from Department d 
 	 <!-- 包含自定义sql语句 -->
    	<include refid="departmentCondition"/>
  </select>
    
  <select id="findById" resultMap="resultDepartment" parameterType="Integer">
		select * from Department where departmentID=#{departmentID}
  </select>
  <select id="listDepartment" resultType="Department">
  	select * from Department 
  </select>
  	
  <update id="update" parameterType="Department">
  		update Department set  
  		<if test="departmentName!=null and  departmentName!=''">
             departmentName=#{departmentName},
          </if>
           <if test="departmentAddress!=null and  departmentAddress!=''">
		      departmentAddress=#{departmentAddress},
		  </if>
		   <if test="departmentPhone!=null and  departmentPhone!=''">
		      departmentPhone=#{departmentPhone}
		  </if>
<!-- 		  <if test="userId!=null and  userId!=''"> -->
<!-- 		      userId=#{userId} -->
<!-- 		  </if> -->
		  where departmentID=#{departmentID}
  </update>
  
  <update id="delete" parameterType="Department">
  		update Department  set isDelete=1 where departmentID=#{departmentID}
  </update>
  
</mapper>