<?xml version="1.0" encoding="UTF-8"?>
<!DOCTYPE mapper
PUBLIC "-//mybatis.org//DTD Mapper 3.0//EN"
"http://mybatis.org/dtd/mybatis-3-mapper.dtd">

<!--namespace:命名空间  -->
<mapper namespace="com.web.dao.DutyDao">

   <!-- 自定义结果集 -->
   <resultMap type="Duty" id="resultDuty">
   
     <!-- 主键   column:表中的字段名称      property:类中的属性名称 -->
      <id column="dutyID" property="dutyID"/>
      
      <result column="isDelete" property="isDelete"/>
      <result column="userId" property="userId"/>
      <result column="dutyDate" property="dutyDate"/>
  
   <!-- 多对一   property:属性名称   javaType：关联的对象类型-->
     <association property="user" javaType="User">
         <id column="userId" property="userId"/>
           
          <result column="userName" property="userName"/>
          <result column="level" property="level"/>
          <result column="telephone" property="telephone"/>
     </association>
  </resultMap>
     <!-- 查询 
             SELECT d.*,p.*
		    from t_position p,t_department d
		       where p.deptId=d.deptId
     -->
     <select id="query" resultMap="resultDuty">
          SELECT d.*,u.*
		    from Duty d,User u
		       where d.userId = u.userId  and u.isDelete = 0
		          and d.isDelete = 0;
     </select>
    
     
     <!-- 自定义SQL语句，以便于其他地方重复使用 -->
     <sql id="DutyCondition">
           <where>
		           d.userId = u.userId  and u.isDelete = 0
		          and d.isDelete = 0
				 
				 <if test="dutyID!=null">
				       and d.dutyID = #{dutyID}
				 </if>
		 	
			 	<if test="user.userName!=null and user.userName!=''">
				       and u.userName like concat('%',concat(#{user.userName},'%'))
				 </if>
				 
				 <if test="user.telephone!=null and  user.telephone!=''">
				       and u.telephone like concat('%',concat(#{user.telephone},'%'))
				 </if>
				 
				  
		    </where>
     </sql>


    <select id="queryByCondition" resultMap="resultDuty" parameterType="Duty">
            SELECT d.*,u.*
		    from Duty d,User u
		   <include refid="DutyCondition"/>
    </select>
    
    <!-- 
     SELECT d.*,p.*
		    from t_position p,t_department d
         where p.deptid=d.deptid
           and d.deptid in (1,2,3)
           collection:集合    open：开始标签    close:结束标签      item:集合中的每个对象（变量）
           separator:分隔符
     -->
    
     <update id="update" parameterType="Duty">
         update Duty set
          <if test="dutyDate != null">
			dutyDate=#{dutyDate},
		   </if>
          
          <if test="userId != null">
			userId=#{userId}
		   </if>
		  where dutyID=#{dutyID}
    </update>
    
     <select id="queryById" parameterType="Integer" resultMap="resultDuty" >
           SELECT d.*,u.*
		    from Duty d,User u
		    <where>
		        d.dutyID = u.userId  and u.isDelete = 0
		          and d.isDelete = 0
		        and d.dutyID = #{dutyID};
		    </where>
    </select>
    
    <update id="delete" parameterType="Integer">
         update Duty set
          isDelete = 1
		  where dutyID=#{dutyID}
    </update>
    
    <insert id="add" parameterType="Duty">
    	insert into Duty (isDelete,userId,dutyDate) 
    	values (0,#{userId},#{dutyDate});
  
    </insert>
    
</mapper>

