<?xml version="1.0" encoding="UTF-8"?>
<!DOCTYPE mapper PUBLIC "-//mybatis.org//DTD Mapper 3.0//EN" "http://mybatis.org/dtd/mybatis-3-mapper.dtd">
<mapper namespace="com.web.dao.MenuDao">
  <resultMap id="BaseResultMap" type="com.web.entity.Menu">
    <id column="menuID" jdbcType="INTEGER" property="menuID" />
    <result column="menuName" jdbcType="VARCHAR" property="menuName" />
    <result column="menuUrl" jdbcType="VARCHAR" property="menuUrl" />
    <result column="menuImage" jdbcType="VARCHAR" property="menuImage" />
    <result column="parentID" jdbcType="INTEGER" property="parentID" />
    <result column="menuLevel" jdbcType="INTEGER" property="menuLevel" />
    <result column="menuSort" jdbcType="INTEGER" property="menuSort" />
    <result column="isDelete" jdbcType="INTEGER" property="isDelete" />
  </resultMap>
	<select id="findByParentID" resultType="Menu" parameterType="Integer">
	    select * from Menu  where
	   <if test="_parameter  == null">
	       parentID is null
	   </if>
	   <if test="_parameter != null">
	       parentID=#{parentID}
	   </if>
	</select> 
	<select id="findByCondition" resultType="Menu" parameterType="Menu">
	    select * from Menu m
	   <where>
	   		and (m.isDelete=0 or m.isdelete is null)
	   		<if test="menuName!=null and menuName!=''">
	   			menuName=#{menuName}
	   		</if>
	   </where>
	</select> 
  <sql id="Example_Where_Clause">
    <where>
      <foreach collection="oredCriteria" item="criteria" separator="or">
        <if test="criteria.valid">
          <trim prefix="(" prefixOverrides="and" suffix=")">
            <foreach collection="criteria.criteria" item="criterion">
              <choose>
                <when test="criterion.noValue">
                  and ${criterion.condition}
                </when>
                <when test="criterion.singleValue">
                  and ${criterion.condition} #{criterion.value}
                </when>
                <when test="criterion.betweenValue">
                  and ${criterion.condition} #{criterion.value} and #{criterion.secondValue}
                </when>
                <when test="criterion.listValue">
                  and ${criterion.condition}
                  <foreach close=")" collection="criterion.value" item="listItem" open="(" separator=",">
                    #{listItem}
                  </foreach>
                </when>
              </choose>
            </foreach>
          </trim>
        </if>
      </foreach>
    </where>
  </sql>
  <sql id="Update_By_Example_Where_Clause">
    <where>
      <foreach collection="example.oredCriteria" item="criteria" separator="or">
        <if test="criteria.valid">
          <trim prefix="(" prefixOverrides="and" suffix=")">
            <foreach collection="criteria.criteria" item="criterion">
              <choose>
                <when test="criterion.noValue">
                  and ${criterion.condition}
                </when>
                <when test="criterion.singleValue">
                  and ${criterion.condition} #{criterion.value}
                </when>
                <when test="criterion.betweenValue">
                  and ${criterion.condition} #{criterion.value} and #{criterion.secondValue}
                </when>
                <when test="criterion.listValue">
                  and ${criterion.condition}
                  <foreach close=")" collection="criterion.value" item="listItem" open="(" separator=",">
                    #{listItem}
                  </foreach>
                </when>
              </choose>
            </foreach>
          </trim>
        </if>
      </foreach>
    </where>
  </sql>
  <sql id="Base_Column_List">
    menuID, menuName, menuUrl, menuImage, parentID, menuLevel, menuSort, isDelete
  </sql>
  <select id="selectByExample" parameterType="com.web.entity.MenuExample" resultMap="BaseResultMap">
    select
    <if test="distinct">
      distinct
    </if>
    <include refid="Base_Column_List" />
    from Menu
    <if test="_parameter != null">
      <include refid="Example_Where_Clause" />
    </if>
    <if test="orderByClause != null">
      order by ${orderByClause}
    </if>
    <if test="limit != null">
      <if test="offset != null">
        limit ${offset}, ${limit}
      </if>
      <if test="offset == null">
        limit ${limit}
      </if>
    </if>
  </select>
  <select id="selectByPrimaryKey" parameterType="java.lang.Integer" resultMap="BaseResultMap">
    select 
    <include refid="Base_Column_List" />
    from Menu
    where menuID = #{menuID,jdbcType=INTEGER}
  </select>
  <delete id="deleteByPrimaryKey" parameterType="java.lang.Integer">
    delete from Menu
    where menuID = #{menuID,jdbcType=INTEGER}
  </delete>
  <delete id="deleteByExample" parameterType="com.web.entity.MenuExample">
    delete from Menu
    <if test="_parameter != null">
      <include refid="Example_Where_Clause" />
    </if>
  </delete>
  <insert id="insert" parameterType="com.web.entity.Menu">
    insert into Menu (menuID, menuName, menuUrl, 
      menuImage, parentID, menuLevel, 
      menuSort, isDelete)
    values (#{menuID,jdbcType=INTEGER}, #{menuName,jdbcType=VARCHAR}, #{menuUrl,jdbcType=VARCHAR}, 
      #{menuImage,jdbcType=VARCHAR}, #{parentID,jdbcType=INTEGER}, #{menuLevel,jdbcType=INTEGER}, 
      #{menuSort,jdbcType=INTEGER}, #{isDelete,jdbcType=INTEGER})
  </insert>
  <insert id="insertSelective" parameterType="com.web.entity.Menu">
    insert into Menu
    <trim prefix="(" suffix=")" suffixOverrides=",">
      <if test="menuID != null">
        menuID,
      </if>
      <if test="menuName != null">
        menuName,
      </if>
      <if test="menuUrl != null">
        menuUrl,
      </if>
      <if test="menuImage != null">
        menuImage,
      </if>
      <if test="parentID != null">
        parentID,
      </if>
      <if test="menuLevel != null">
        menuLevel,
      </if>
      <if test="menuSort != null">
        menuSort,
      </if>
      <if test="isDelete != null">
        isDelete,
      </if>
    </trim>
    <trim prefix="values (" suffix=")" suffixOverrides=",">
      <if test="menuID != null">
        #{menuID,jdbcType=INTEGER},
      </if>
      <if test="menuName != null">
        #{menuName,jdbcType=VARCHAR},
      </if>
      <if test="menuUrl != null">
        #{menuUrl,jdbcType=VARCHAR},
      </if>
      <if test="menuImage != null">
        #{menuImage,jdbcType=VARCHAR},
      </if>
      <if test="parentID != null">
        #{parentID,jdbcType=INTEGER},
      </if>
      <if test="menuLevel != null">
        #{menuLevel,jdbcType=INTEGER},
      </if>
      <if test="menuSort != null">
        #{menuSort,jdbcType=INTEGER},
      </if>
      <if test="isDelete != null">
        #{isDelete,jdbcType=INTEGER},
      </if>
    </trim>
  </insert>
  <select id="countByExample" parameterType="com.web.entity.MenuExample" resultType="java.lang.Long">
    select count(*) from Menu
    <if test="_parameter != null">
      <include refid="Example_Where_Clause" />
    </if>
  </select>
  <update id="updateByExampleSelective" parameterType="map">
    update Menu
    <set>
      <if test="record.menuID != null">
        menuID = #{record.menuID,jdbcType=INTEGER},
      </if>
      <if test="record.menuName != null">
        menuName = #{record.menuName,jdbcType=VARCHAR},
      </if>
      <if test="record.menuUrl != null">
        menuUrl = #{record.menuUrl,jdbcType=VARCHAR},
      </if>
      <if test="record.menuImage != null">
        menuImage = #{record.menuImage,jdbcType=VARCHAR},
      </if>
      <if test="record.parentID != null">
        parentID = #{record.parentID,jdbcType=INTEGER},
      </if>
      <if test="record.menuLevel != null">
        menuLevel = #{record.menuLevel,jdbcType=INTEGER},
      </if>
      <if test="record.menuSort != null">
        menuSort = #{record.menuSort,jdbcType=INTEGER},
      </if>
      <if test="record.isDelete != null">
        isDelete = #{record.isDelete,jdbcType=INTEGER},
      </if>
    </set>
    <if test="_parameter != null">
      <include refid="Update_By_Example_Where_Clause" />
    </if>
  </update>
  <update id="updateByExample" parameterType="map">
    update Menu
    set menuID = #{record.menuID,jdbcType=INTEGER},
      menuName = #{record.menuName,jdbcType=VARCHAR},
      menuUrl = #{record.menuUrl,jdbcType=VARCHAR},
      menuImage = #{record.menuImage,jdbcType=VARCHAR},
      parentID = #{record.parentID,jdbcType=INTEGER},
      menuLevel = #{record.menuLevel,jdbcType=INTEGER},
      menuSort = #{record.menuSort,jdbcType=INTEGER},
      isDelete = #{record.isDelete,jdbcType=INTEGER}
    <if test="_parameter != null">
      <include refid="Update_By_Example_Where_Clause" />
    </if>
  </update>
  <update id="updateByPrimaryKeySelective" parameterType="com.web.entity.Menu">
    update Menu
    <set>
      <if test="menuName != null">
        menuName = #{menuName,jdbcType=VARCHAR},
      </if>
      <if test="menuUrl != null">
        menuUrl = #{menuUrl,jdbcType=VARCHAR},
      </if>
      <if test="menuImage != null">
        menuImage = #{menuImage,jdbcType=VARCHAR},
      </if>
      <if test="parentID != null">
        parentID = #{parentID,jdbcType=INTEGER},
      </if>
      <if test="menuLevel != null">
        menuLevel = #{menuLevel,jdbcType=INTEGER},
      </if>
      <if test="menuSort != null">
        menuSort = #{menuSort,jdbcType=INTEGER},
      </if>
      <if test="isDelete != null">
        isDelete = #{isDelete,jdbcType=INTEGER},
      </if>
    </set>
    where menuID = #{menuID,jdbcType=INTEGER}
  </update>
  <update id="updateByPrimaryKey" parameterType="com.web.entity.Menu">
    update Menu
    set menuName = #{menuName,jdbcType=VARCHAR},
      menuUrl = #{menuUrl,jdbcType=VARCHAR},
      menuImage = #{menuImage,jdbcType=VARCHAR},
      parentID = #{parentID,jdbcType=INTEGER},
      menuLevel = #{menuLevel,jdbcType=INTEGER},
      menuSort = #{menuSort,jdbcType=INTEGER},
      isDelete = #{isDelete,jdbcType=INTEGER}
    where menuID = #{menuID,jdbcType=INTEGER}
  </update>
  </mapper>