<?xml version="1.0" encoding="UTF-8"?>
<!DOCTYPE mapper PUBLIC "-//mybatis.org//DTD Mapper 3.0//EN" "http://mybatis.org/dtd/mybatis-3-mapper.dtd">
<mapper namespace="com.web.dao.PositionMenuDao">
  <resultMap id="BaseResultMap" type="com.web.entity.PositionMenu">
    <id column="menuID" jdbcType="INTEGER" property="menuID" />
    <id column="poId" jdbcType="INTEGER" property="poId" />
    <result column="positionMenuID" jdbcType="INTEGER" property="positionMenuID" />
  </resultMap>
  
  <select id="findMenuByPoId" resultType="Integer">
       select menuId from PositionMenu where poId=#{poId}
  </select>   
   
  <delete id="deleteByPoId" parameterType="Integer">
    delete from PositionMenu where poId=#{poId}
  </delete>
  
  <insert id="addMenuPosition" parameterType="PositionMenu">
    insert into PositionMenu (menuID,poId) values (#{menuID},#{poId})
  </insert>
  
  <sql id="Example_Where_Clause">
    <where>
      <foreach collection="oredCriteria" item="criteria" separator="or">
        <if test="criteria.valid">
          <trim prefix="(" prefixOverrides="and" suffix=")">
            <foreach collection="criteria.criteria" item="criterion">
              <choose>
                <when test="criterion.noValue">
                  and ${criterion.condition}
                </when>
                <when test="criterion.singleValue">
                  and ${criterion.condition} #{criterion.value}
                </when>
                <when test="criterion.betweenValue">
                  and ${criterion.condition} #{criterion.value} and #{criterion.secondValue}
                </when>
                <when test="criterion.listValue">
                  and ${criterion.condition}
                  <foreach close=")" collection="criterion.value" item="listItem" open="(" separator=",">
                    #{listItem}
                  </foreach>
                </when>
              </choose>
            </foreach>
          </trim>
        </if>
      </foreach>
    </where>
  </sql>
  <sql id="Update_By_Example_Where_Clause">
    <where>
      <foreach collection="example.oredCriteria" item="criteria" separator="or">
        <if test="criteria.valid">
          <trim prefix="(" prefixOverrides="and" suffix=")">
            <foreach collection="criteria.criteria" item="criterion">
              <choose>
                <when test="criterion.noValue">
                  and ${criterion.condition}
                </when>
                <when test="criterion.singleValue">
                  and ${criterion.condition} #{criterion.value}
                </when>
                <when test="criterion.betweenValue">
                  and ${criterion.condition} #{criterion.value} and #{criterion.secondValue}
                </when>
                <when test="criterion.listValue">
                  and ${criterion.condition}
                  <foreach close=")" collection="criterion.value" item="listItem" open="(" separator=",">
                    #{listItem}
                  </foreach>
                </when>
              </choose>
            </foreach>
          </trim>
        </if>
      </foreach>
    </where>
  </sql>
  <sql id="Base_Column_List">
    menuID, poId, positionMenuID
  </sql>
  <select id="selectByExample" parameterType="com.web.entity.PositionMenuExample" resultMap="BaseResultMap">
    select
    <if test="distinct">
      distinct
    </if>
    <include refid="Base_Column_List" />
    from PositionMenu
    <if test="_parameter != null">
      <include refid="Example_Where_Clause" />
    </if>
    <if test="orderByClause != null">
      order by ${orderByClause}
    </if>
    <if test="limit != null">
      <if test="offset != null">
        limit ${offset}, ${limit}
      </if>
      <if test="offset == null">
        limit ${limit}
      </if>
    </if>
  </select>
  <select id="selectByPrimaryKey" parameterType="com.web.entity.PositionMenuKey" resultMap="BaseResultMap">
    select 
    <include refid="Base_Column_List" />
    from PositionMenu
    where menuID = #{menuID,jdbcType=INTEGER}
      and poId = #{poId,jdbcType=INTEGER}
  </select>
  <delete id="deleteByPrimaryKey" parameterType="com.web.entity.PositionMenuKey">
    delete from PositionMenu
    where menuID = #{menuID,jdbcType=INTEGER}
      and poId = #{poId,jdbcType=INTEGER}
  </delete>
  <delete id="deleteByExample" parameterType="com.web.entity.PositionMenuExample">
    delete from PositionMenu
    <if test="_parameter != null">
      <include refid="Example_Where_Clause" />
    </if>
  </delete>
  <insert id="insert" parameterType="com.web.entity.PositionMenu">
    insert into PositionMenu (menuID, poId, positionMenuID
      )
    values (#{menuID,jdbcType=INTEGER}, #{poId,jdbcType=INTEGER}, #{positionMenuID,jdbcType=INTEGER}
      )
  </insert>
  <insert id="insertSelective" parameterType="com.web.entity.PositionMenu">
    insert into PositionMenu
    <trim prefix="(" suffix=")" suffixOverrides=",">
      <if test="menuID != null">
        menuID,
      </if>
      <if test="poId != null">
        poId,
      </if>
      <if test="positionMenuID != null">
        positionMenuID,
      </if>
    </trim>
    <trim prefix="values (" suffix=")" suffixOverrides=",">
      <if test="menuID != null">
        #{menuID,jdbcType=INTEGER},
      </if>
      <if test="poId != null">
        #{poId,jdbcType=INTEGER},
      </if>
      <if test="positionMenuID != null">
        #{positionMenuID,jdbcType=INTEGER},
      </if>
    </trim>
  </insert>
  <select id="countByExample" parameterType="com.web.entity.PositionMenuExample" resultType="java.lang.Long">
    select count(*) from PositionMenu
    <if test="_parameter != null">
      <include refid="Example_Where_Clause" />
    </if>
  </select>
  <update id="updateByExampleSelective" parameterType="map">
    update PositionMenu
    <set>
      <if test="record.menuID != null">
        menuID = #{record.menuID,jdbcType=INTEGER},
      </if>
      <if test="record.poId != null">
        poId = #{record.poId,jdbcType=INTEGER},
      </if>
      <if test="record.positionMenuID != null">
        positionMenuID = #{record.positionMenuID,jdbcType=INTEGER},
      </if>
    </set>
    <if test="_parameter != null">
      <include refid="Update_By_Example_Where_Clause" />
    </if>
  </update>
  <update id="updateByExample" parameterType="map">
    update PositionMenu
    set menuID = #{record.menuID,jdbcType=INTEGER},
      poId = #{record.poId,jdbcType=INTEGER},
      positionMenuID = #{record.positionMenuID,jdbcType=INTEGER}
    <if test="_parameter != null">
      <include refid="Update_By_Example_Where_Clause" />
    </if>
  </update>
  <update id="updateByPrimaryKeySelective" parameterType="com.web.entity.PositionMenu">
    update PositionMenu
    <set>
      <if test="positionMenuID != null">
        positionMenuID = #{positionMenuID,jdbcType=INTEGER},
      </if>
    </set>
    where menuID = #{menuID,jdbcType=INTEGER}
      and poId = #{poId,jdbcType=INTEGER}
  </update>
  <update id="updateByPrimaryKey" parameterType="com.web.entity.PositionMenu">
    update PositionMenu
    set positionMenuID = #{positionMenuID,jdbcType=INTEGER}
    where menuID = #{menuID,jdbcType=INTEGER}
      and poId = #{poId,jdbcType=INTEGER}
  </update>
  </mapper>