<?xml version="1.0" encoding="UTF-8"?>
<!DOCTYPE mapper PUBLIC "-//mybatis.org//DTD Mapper 3.0//EN" "http://mybatis.org/dtd/mybatis-3-mapper.dtd">
<mapper namespace="com.web.dao.SupplierDrugOrderDao">
  <resultMap id="BaseResultMap" type="com.web.entity.SupplierDrugOrder">
    <id column="supplierID" jdbcType="INTEGER" property="supplierID" />
    <id column="drugOrderID" jdbcType="INTEGER" property="drugOrderID" />
    <result column="supplierOrderMakeDate" jdbcType="DATE" property="supplierOrderMakeDate" />
    <result column="supplierOrderFinishDate" jdbcType="DATE" property="supplierOrderFinishDate" />
    <result column="supplierOrderAddress" jdbcType="VARCHAR" property="supplierOrderAddress" />
    <result column="supplierOrderCount" jdbcType="INTEGER" property="supplierOrderCount" />
    <result column="isDelete" jdbcType="INTEGER" property="isDelete" />
  </resultMap>

  <resultMap id="resultSupplierDrugOrder" type="com.web.entity.SupplierDrugOrder">
    <id column="supplierID" jdbcType="INTEGER" property="supplierID" />
    <id column="drugOrderID" jdbcType="INTEGER" property="drugOrderID" />
    <result column="supplierOrderMakeDate" jdbcType="DATE" property="supplierOrderMakeDate" />
    <result column="supplierOrderFinishDate" jdbcType="DATE" property="supplierOrderFinishDate" />
    <result column="supplierOrderAddress" jdbcType="VARCHAR" property="supplierOrderAddress" />
    <result column="supplierOrderCount" jdbcType="INTEGER" property="supplierOrderCount" />
    <result column="isDelete" jdbcType="INTEGER" property="isDelete" />
    
    <association property="supplier" javaType="Supplier">
      <id column="supplierID" jdbcType="INTEGER" property="supplierID" />
    <result column="isDelete" jdbcType="INTEGER" property="isDelete" />
    <result column="supplierAddress" jdbcType="VARCHAR" property="supplierAddress" />
    <result column="supplierTel" jdbcType="VARCHAR" property="supplierTel" />
    <result column="supplierReditStatus" jdbcType="INTEGER" property="supplierReditStatus" />
       </association>
  <association property="drugOrder" javaType="DrugOrder">
    <!-- 主键 -->
       <id column="drugOrderID" jdbcType="INTEGER" property="drugOrderID" />
    <result column="isDelete" jdbcType="INTEGER" property="isDelete" />
    <result column="userId" jdbcType="INTEGER" property="userId" />
    <result column="standard" jdbcType="VARCHAR" property="standard" />
    <result column="orderDate" jdbcType="TIMESTAMP" property="orderDate" />
    <result column="commitDate" jdbcType="TIMESTAMP" property="commitDate" />
       </association>
  </resultMap>

  <!-- 查询 -->
   <select id="queryByCondition" resultMap="resultSupplierDrugOrder">
       SELECT sd.*,d.*,s.*
        from SupplierDrugOrder sd,Supplier s,DrugOrder d
           where sd.supplierID=s.supplierID
           and sd.drugOrderID=d.drugOrderID
           and (sd.isDelete=0 or sd.isDelete is null)
           <include refid="conditionSql"></include>
   </select>
  
  <sql id="conditionSql">
        <if test="supplierID !=null and supplierID !=0">
           and sd.supplierID =#{supplierID}
        </if>
        <if test="drugOrderID !=null">
          and sd.drugOrderID =#{drugOrderID}
        </if>
         
        <if test="supplierOrderAddress != null and supplierOrderAddress !=''">
            and sd.supplierOrderAddress like concat('%',concat(#{supplierOrderAddress},'%'))
        </if>
        <if test="supplierOrderCount != null and supplierOrderCount !=''">
            and sd.supplierOrderCount=#{supplierOrderCount}
        </if>
        <if test="supplierOrderMakeDate != null and supplierOrderMakeDate !=''">
            and sd.supplierOrderMakeDate=#{supplierOrderMakeDate}
        </if>
        <if test="supplierOrderFinishDate != null and supplierOrderFinishDate !=''">
            and sd.supplierOrderFinishDate=#{supplierOrderFinishDate}
        </if>
   </sql>
   
   <update id="updateBy2">
   update SupplierDrugOrder   set 
        <if test="supplierOrderAddress != null and supplierOrderAddress !=''">
            supplierOrderAddress =#{drugOrderID},
        </if>
        <if test="supplierOrderCount != null and supplierOrderCount !=''">
            supplierOrderCount=#{supplierOrderCount}
        </if>
        <if test="supplierOrderMakeDate != null and supplierOrderMakeDate !=''">
            supplierOrderMakeDate=#{supplierOrderMakeDate}
        </if>
        <if test="supplierOrderFinishDate != null and supplierOrderFinishDate !=''">
           supplierOrderFinishDate=#{supplierOrderFinishDate}
        </if>
        <where>
        	<if test="supplierID !=null and supplierID !=0">
            and sd.supplierID =#{supplierID}
   			</if>
  			 <if test="drugOrderID !=null">
          	and sd.drugOrderID =#{drugOrderID},
        </if>
        </where>
   </update>
  <sql id="Example_Where_Clause">
    <where>
      <foreach collection="oredCriteria" item="criteria" separator="or">
        <if test="criteria.valid">
          <trim prefix="(" prefixOverrides="and" suffix=")">
            <foreach collection="criteria.criteria" item="criterion">
              <choose>
                <when test="criterion.noValue">
                  and ${criterion.condition}
                </when>
                <when test="criterion.singleValue">
                  and ${criterion.condition} #{criterion.value}
                </when>
                <when test="criterion.betweenValue">
                  and ${criterion.condition} #{criterion.value} and #{criterion.secondValue}
                </when>
                <when test="criterion.listValue">
                  and ${criterion.condition}
                  <foreach close=")" collection="criterion.value" item="listItem" open="(" separator=",">
                    #{listItem}
                  </foreach>
                </when>
              </choose>
            </foreach>
          </trim>
        </if>
      </foreach>
    </where>
  </sql>
  <sql id="Update_By_Example_Where_Clause">
    <where>
      <foreach collection="example.oredCriteria" item="criteria" separator="or">
        <if test="criteria.valid">
          <trim prefix="(" prefixOverrides="and" suffix=")">
            <foreach collection="criteria.criteria" item="criterion">
              <choose>
                <when test="criterion.noValue">
                  and ${criterion.condition}
                </when>
                <when test="criterion.singleValue">
                  and ${criterion.condition} #{criterion.value}
                </when>
                <when test="criterion.betweenValue">
                  and ${criterion.condition} #{criterion.value} and #{criterion.secondValue}
                </when>
                <when test="criterion.listValue">
                  and ${criterion.condition}
                  <foreach close=")" collection="criterion.value" item="listItem" open="(" separator=",">
                    #{listItem}
                  </foreach>
                </when>
              </choose>
            </foreach>
          </trim>
        </if>
      </foreach>
    </where>
  </sql>
  <sql id="Base_Column_List">
    supplierID, drugOrderID, supplierOrderMakeDate, supplierOrderFinishDate, supplierOrderAddress, 
    supplierOrderCount, isDelete
  </sql>
  <select id="selectByExample" parameterType="com.web.entity.SupplierDrugOrderExample" resultMap="BaseResultMap">
    select
    <if test="distinct">
      distinct
    </if>
    <include refid="Base_Column_List" />
    from SupplierDrugOrder
    <if test="_parameter != null">
      <include refid="Example_Where_Clause" />
    </if>
    <if test="orderByClause != null">
      order by ${orderByClause}
    </if>
    <if test="limit != null">
      <if test="offset != null">
        limit ${offset}, ${limit}
      </if>
      <if test="offset == null">
        limit ${limit}
      </if>
    </if>
  </select>
  <select id="selectByPrimaryKey" parameterType="com.web.entity.SupplierDrugOrderKey" resultMap="BaseResultMap">
    select 
    <include refid="Base_Column_List" />
    from SupplierDrugOrder
    where supplierID = #{supplierID,jdbcType=INTEGER}
      and drugOrderID = #{drugOrderID,jdbcType=INTEGER}
  </select>
  <delete id="deleteByPrimaryKey" parameterType="com.web.entity.SupplierDrugOrderKey">
    delete from SupplierDrugOrder
    where supplierID = #{supplierID,jdbcType=INTEGER}
      and drugOrderID = #{drugOrderID,jdbcType=INTEGER}
  </delete>
  <delete id="deleteByExample" parameterType="com.web.entity.SupplierDrugOrderExample">
    delete from SupplierDrugOrder
    <if test="_parameter != null">
      <include refid="Example_Where_Clause" />
    </if>
  </delete>
  <insert id="insert" parameterType="com.web.entity.SupplierDrugOrder">
    insert into SupplierDrugOrder (supplierID, drugOrderID, supplierOrderMakeDate, 
      supplierOrderFinishDate, supplierOrderAddress, 
      supplierOrderCount, isDelete)
    values (#{supplierID,jdbcType=INTEGER}, #{drugOrderID,jdbcType=INTEGER}, #{supplierOrderMakeDate,jdbcType=DATE}, 
      #{supplierOrderFinishDate,jdbcType=DATE}, #{supplierOrderAddress,jdbcType=VARCHAR}, 
      #{supplierOrderCount,jdbcType=INTEGER}, #{isDelete,jdbcType=INTEGER})
  </insert>
  <insert id="insertSelective" parameterType="com.web.entity.SupplierDrugOrder">
    insert into SupplierDrugOrder
    <trim prefix="(" suffix=")" suffixOverrides=",">
      <if test="supplierID != null">
        supplierID,
      </if>
      <if test="drugOrderID != null">
        drugOrderID,
      </if>
      <if test="supplierOrderMakeDate != null">
        supplierOrderMakeDate,
      </if>
      <if test="supplierOrderFinishDate != null">
        supplierOrderFinishDate,
      </if>
      <if test="supplierOrderAddress != null">
        supplierOrderAddress,
      </if>
      <if test="supplierOrderCount != null">
        supplierOrderCount,
      </if>
      <if test="isDelete != null">
        isDelete,
      </if>
    </trim>
    <trim prefix="values (" suffix=")" suffixOverrides=",">
      <if test="supplierID != null">
        #{supplierID,jdbcType=INTEGER},
      </if>
      <if test="drugOrderID != null">
        #{drugOrderID,jdbcType=INTEGER},
      </if>
      <if test="supplierOrderMakeDate != null">
        #{supplierOrderMakeDate,jdbcType=DATE},
      </if>
      <if test="supplierOrderFinishDate != null">
        #{supplierOrderFinishDate,jdbcType=DATE},
      </if>
      <if test="supplierOrderAddress != null">
        #{supplierOrderAddress,jdbcType=VARCHAR},
      </if>
      <if test="supplierOrderCount != null">
        #{supplierOrderCount,jdbcType=INTEGER},
      </if>
      <if test="isDelete != null">
        #{isDelete,jdbcType=INTEGER},
      </if>
    </trim>
  </insert>
  <select id="countByExample" parameterType="com.web.entity.SupplierDrugOrderExample" resultType="java.lang.Long">
    select count(*) from SupplierDrugOrder
    <if test="_parameter != null">
      <include refid="Example_Where_Clause" />
    </if>
  </select>
  <update id="updateByExampleSelective" parameterType="map">
    update SupplierDrugOrder
    <set>
      <if test="record.supplierID != null">
        supplierID = #{record.supplierID,jdbcType=INTEGER},
      </if>
      <if test="record.drugOrderID != null">
        drugOrderID = #{record.drugOrderID,jdbcType=INTEGER},
      </if>
      <if test="record.supplierOrderMakeDate != null">
        supplierOrderMakeDate = #{record.supplierOrderMakeDate,jdbcType=DATE},
      </if>
      <if test="record.supplierOrderFinishDate != null">
        supplierOrderFinishDate = #{record.supplierOrderFinishDate,jdbcType=DATE},
      </if>
      <if test="record.supplierOrderAddress != null">
        supplierOrderAddress = #{record.supplierOrderAddress,jdbcType=VARCHAR},
      </if>
      <if test="record.supplierOrderCount != null">
        supplierOrderCount = #{record.supplierOrderCount,jdbcType=INTEGER},
      </if>
      <if test="record.isDelete != null">
        isDelete = #{record.isDelete,jdbcType=INTEGER},
      </if>
    </set>
    <if test="_parameter != null">
      <include refid="Update_By_Example_Where_Clause" />
    </if>
  </update>
  <update id="updateByExample" parameterType="map">
    update SupplierDrugOrder
    set supplierID = #{record.supplierID,jdbcType=INTEGER},
      drugOrderID = #{record.drugOrderID,jdbcType=INTEGER},
      supplierOrderMakeDate = #{record.supplierOrderMakeDate,jdbcType=DATE},
      supplierOrderFinishDate = #{record.supplierOrderFinishDate,jdbcType=DATE},
      supplierOrderAddress = #{record.supplierOrderAddress,jdbcType=VARCHAR},
      supplierOrderCount = #{record.supplierOrderCount,jdbcType=INTEGER},
      isDelete = #{record.isDelete,jdbcType=INTEGER}
    <if test="_parameter != null">
      <include refid="Update_By_Example_Where_Clause" />
    </if>
  </update>
  <update id="updateByPrimaryKeySelective" parameterType="com.web.entity.SupplierDrugOrder">
    update SupplierDrugOrder
    <set>
      <if test="supplierOrderMakeDate != null">
        supplierOrderMakeDate = #{supplierOrderMakeDate,jdbcType=DATE},
      </if>
      <if test="supplierOrderFinishDate != null">
        supplierOrderFinishDate = #{supplierOrderFinishDate,jdbcType=DATE},
      </if>
      <if test="supplierOrderAddress != null">
        supplierOrderAddress = #{supplierOrderAddress,jdbcType=VARCHAR},
      </if>
      <if test="supplierOrderCount != null">
        supplierOrderCount = #{supplierOrderCount,jdbcType=INTEGER},
      </if>
      <if test="isDelete != null">
        isDelete = #{isDelete,jdbcType=INTEGER},
      </if>
    </set>
    where supplierID = #{supplierID,jdbcType=INTEGER}
      and drugOrderID = #{drugOrderID,jdbcType=INTEGER}
  </update>
  <update id="updateByPrimaryKey" parameterType="com.web.entity.SupplierDrugOrder">
    update SupplierDrugOrder
    set supplierOrderMakeDate = #{supplierOrderMakeDate,jdbcType=DATE},
      supplierOrderFinishDate = #{supplierOrderFinishDate,jdbcType=DATE},
      supplierOrderAddress = #{supplierOrderAddress,jdbcType=VARCHAR},
      supplierOrderCount = #{supplierOrderCount,jdbcType=INTEGER},
      isDelete = #{isDelete,jdbcType=INTEGER}
    where supplierID = #{supplierID,jdbcType=INTEGER}
      and drugOrderID = #{drugOrderID,jdbcType=INTEGER}
  </update>
</mapper>