<?xml version="1.0" encoding="UTF-8"?>
<!DOCTYPE mapper PUBLIC "-//mybatis.org//DTD Mapper 3.0//EN" "http://mybatis.org/dtd/mybatis-3-mapper.dtd">
<mapper namespace="com.web.dao.UserDao">
  <resultMap id="BaseResultMap" type="com.web.entity.User">
    <id column="userId" jdbcType="INTEGER" property="userId" />
    <result column="poId" jdbcType="INTEGER" property="poId" />
    <result column="departmentID" jdbcType="INTEGER" property="departmentID" />
    <result column="userName" jdbcType="VARCHAR" property="userName" />
    <result column="userPassword" jdbcType="VARCHAR" property="userPassword" />
    <result column="userPhoto" jdbcType="VARCHAR" property="userPhoto" />
    <result column="userSex" jdbcType="VARCHAR" property="userSex" />
    <result column="userBirthday" jdbcType="DATE" property="userBirthday" />
    <result column="userCard" jdbcType="VARCHAR" property="userCard" />
    <result column="userState" jdbcType="INTEGER" property="userState" />
    <result column="userDescribe" jdbcType="VARCHAR" property="userDescribe" />
    <result column="marrySituation" jdbcType="VARCHAR" property="marrySituation" />
    <result column="level" jdbcType="VARCHAR" property="level" />
    <result column="birthPlace" jdbcType="VARCHAR" property="birthPlace" />
    <result column="nation" jdbcType="VARCHAR" property="nation" />
    <result column="country" jdbcType="VARCHAR" property="country" />
    <result column="Telephone" jdbcType="VARCHAR" property="telephone" />
    <result column="Idplace" jdbcType="VARCHAR" property="idplace" />
    <result column="isDelete" jdbcType="INTEGER" property="isDelete" />
  </resultMap>
  <sql id="Example_Where_Clause">
    <where>
      <foreach collection="oredCriteria" item="criteria" separator="or">
        <if test="criteria.valid">
          <trim prefix="(" prefixOverrides="and" suffix=")">
            <foreach collection="criteria.criteria" item="criterion">
              <choose>
                <when test="criterion.noValue">
                  and ${criterion.condition}
                </when>
                <when test="criterion.singleValue">
                  and ${criterion.condition} #{criterion.value}
                </when>
                <when test="criterion.betweenValue">
                  and ${criterion.condition} #{criterion.value} and #{criterion.secondValue}
                </when>
                <when test="criterion.listValue">
                  and ${criterion.condition}
                  <foreach close=")" collection="criterion.value" item="listItem" open="(" separator=",">
                    #{listItem}
                  </foreach>
                </when>
              </choose>
            </foreach>
          </trim>
        </if>
      </foreach>
    </where>
  </sql>
  <sql id="Update_By_Example_Where_Clause">
    <where>
      <foreach collection="example.oredCriteria" item="criteria" separator="or">
        <if test="criteria.valid">
          <trim prefix="(" prefixOverrides="and" suffix=")">
            <foreach collection="criteria.criteria" item="criterion">
              <choose>
                <when test="criterion.noValue">
                  and ${criterion.condition}
                </when>
                <when test="criterion.singleValue">
                  and ${criterion.condition} #{criterion.value}
                </when>
                <when test="criterion.betweenValue">
                  and ${criterion.condition} #{criterion.value} and #{criterion.secondValue}
                </when>
                <when test="criterion.listValue">
                  and ${criterion.condition}
                  <foreach close=")" collection="criterion.value" item="listItem" open="(" separator=",">
                    #{listItem}
                  </foreach>
                </when>
              </choose>
            </foreach>
          </trim>
        </if>
      </foreach>
    </where>
  </sql>
  <sql id="Base_Column_List">
    userId, poId, departmentID, userName, userPassword, userPhoto, userSex, userBirthday, 
    userCard, userState, userDescribe, marrySituation, level, birthPlace, nation, country, 
    Telephone, Idplace, isDelete
  </sql>
  <select id="selectByExample" parameterType="com.web.entity.UserExample" resultMap="BaseResultMap">
    select
    <if test="distinct">
      distinct
    </if>
    <include refid="Base_Column_List" />
    from User
    <if test="_parameter != null">
      <include refid="Example_Where_Clause" />
    </if>
    <if test="orderByClause != null">
      order by ${orderByClause}
    </if>
    <if test="limit != null">
      <if test="offset != null">
        limit ${offset}, ${limit}
      </if>
      <if test="offset == null">
        limit ${limit}
      </if>
    </if>
  </select>
  <select id="selectByPrimaryKey" parameterType="java.lang.Integer" resultMap="BaseResultMap">
    select 
    <include refid="Base_Column_List" />
    from User
    where userId = #{userId,jdbcType=INTEGER}
  </select>
  <delete id="deleteByPrimaryKey" parameterType="java.lang.Integer">
    delete from User
    where userId = #{userId,jdbcType=INTEGER}
  </delete>
  <delete id="deleteByExample" parameterType="com.web.entity.UserExample">
    delete from User
    <if test="_parameter != null">
      <include refid="Example_Where_Clause" />
    </if>
  </delete>
  <insert id="insert" parameterType="com.web.entity.User">
    insert into User (userId, poId, departmentID, 
      userName, userPassword, userPhoto, 
      userSex, userBirthday, userCard, 
      userState, userDescribe, marrySituation, 
      level, birthPlace, nation, 
      country, Telephone, Idplace, 
      isDelete)
    values (#{userId,jdbcType=INTEGER}, #{poId,jdbcType=INTEGER}, #{departmentID,jdbcType=INTEGER}, 
      #{userName,jdbcType=VARCHAR}, #{userPassword,jdbcType=VARCHAR}, #{userPhoto,jdbcType=VARCHAR}, 
      #{userSex,jdbcType=VARCHAR}, #{userBirthday,jdbcType=DATE}, #{userCard,jdbcType=VARCHAR}, 
      #{userState,jdbcType=INTEGER}, #{userDescribe,jdbcType=VARCHAR}, #{marrySituation,jdbcType=VARCHAR}, 
      #{level,jdbcType=VARCHAR}, #{birthPlace,jdbcType=VARCHAR}, #{nation,jdbcType=VARCHAR}, 
      #{country,jdbcType=VARCHAR}, #{telephone,jdbcType=VARCHAR}, #{idplace,jdbcType=VARCHAR}, 
      #{isDelete,jdbcType=INTEGER})
  </insert>
  <insert id="insertSelective" parameterType="com.web.entity.User">
    insert into User
    <trim prefix="(" suffix=")" suffixOverrides=",">
      <if test="userId != null">
        userId,
      </if>
      <if test="poId != null">
        poId,
      </if>
      <if test="departmentID != null">
        departmentID,
      </if>
      <if test="userName != null">
        userName,
      </if>
      <if test="userPassword != null">
        userPassword,
      </if>
      <if test="userPhoto != null">
        userPhoto,
      </if>
      <if test="userSex != null">
        userSex,
      </if>
      <if test="userBirthday != null">
        userBirthday,
      </if>
      <if test="userCard != null">
        userCard,
      </if>
      <if test="userState != null">
        userState,
      </if>
      <if test="userDescribe != null">
        userDescribe,
      </if>
      <if test="marrySituation != null">
        marrySituation,
      </if>
      <if test="level != null">
        level,
      </if>
      <if test="birthPlace != null">
        birthPlace,
      </if>
      <if test="nation != null">
        nation,
      </if>
      <if test="country != null">
        country,
      </if>
      <if test="telephone != null">
        Telephone,
      </if>
      <if test="idplace != null">
        Idplace,
      </if>
      <if test="isDelete != null">
        isDelete,
      </if>
    </trim>
    <trim prefix="values (" suffix=")" suffixOverrides=",">
      <if test="userId != null">
        #{userId,jdbcType=INTEGER},
      </if>
      <if test="poId != null">
        #{poId,jdbcType=INTEGER},
      </if>
      <if test="departmentID != null">
        #{departmentID,jdbcType=INTEGER},
      </if>
      <if test="userName != null">
        #{userName,jdbcType=VARCHAR},
      </if>
      <if test="userPassword != null">
        #{userPassword,jdbcType=VARCHAR},
      </if>
      <if test="userPhoto != null">
        #{userPhoto,jdbcType=VARCHAR},
      </if>
      <if test="userSex != null">
        #{userSex,jdbcType=VARCHAR},
      </if>
      <if test="userBirthday != null">
        #{userBirthday,jdbcType=DATE},
      </if>
      <if test="userCard != null">
        #{userCard,jdbcType=VARCHAR},
      </if>
      <if test="userState != null">
        #{userState,jdbcType=INTEGER},
      </if>
      <if test="userDescribe != null">
        #{userDescribe,jdbcType=VARCHAR},
      </if>
      <if test="marrySituation != null">
        #{marrySituation,jdbcType=VARCHAR},
      </if>
      <if test="level != null">
        #{level,jdbcType=VARCHAR},
      </if>
      <if test="birthPlace != null">
        #{birthPlace,jdbcType=VARCHAR},
      </if>
      <if test="nation != null">
        #{nation,jdbcType=VARCHAR},
      </if>
      <if test="country != null">
        #{country,jdbcType=VARCHAR},
      </if>
      <if test="telephone != null">
        #{telephone,jdbcType=VARCHAR},
      </if>
      <if test="idplace != null">
        #{idplace,jdbcType=VARCHAR},
      </if>
      <if test="isDelete != null">
        #{isDelete,jdbcType=INTEGER},
      </if>
    </trim>
  </insert>
  <select id="countByExample" parameterType="com.web.entity.UserExample" resultType="java.lang.Long">
    select count(*) from User
    <if test="_parameter != null">
      <include refid="Example_Where_Clause" />
    </if>
  </select>
  <update id="updateByExampleSelective" parameterType="map">
    update User
    <set>
      <if test="record.userId != null">
        userId = #{record.userId,jdbcType=INTEGER},
      </if>
      <if test="record.poId != null">
        poId = #{record.poId,jdbcType=INTEGER},
      </if>
      <if test="record.departmentID != null">
        departmentID = #{record.departmentID,jdbcType=INTEGER},
      </if>
      <if test="record.userName != null">
        userName = #{record.userName,jdbcType=VARCHAR},
      </if>
      <if test="record.userPassword != null">
        userPassword = #{record.userPassword,jdbcType=VARCHAR},
      </if>
      <if test="record.userPhoto != null">
        userPhoto = #{record.userPhoto,jdbcType=VARCHAR},
      </if>
      <if test="record.userSex != null">
        userSex = #{record.userSex,jdbcType=VARCHAR},
      </if>
      <if test="record.userBirthday != null">
        userBirthday = #{record.userBirthday,jdbcType=DATE},
      </if>
      <if test="record.userCard != null">
        userCard = #{record.userCard,jdbcType=VARCHAR},
      </if>
      <if test="record.userState != null">
        userState = #{record.userState,jdbcType=INTEGER},
      </if>
      <if test="record.userDescribe != null">
        userDescribe = #{record.userDescribe,jdbcType=VARCHAR},
      </if>
      <if test="record.marrySituation != null">
        marrySituation = #{record.marrySituation,jdbcType=VARCHAR},
      </if>
      <if test="record.level != null">
        level = #{record.level,jdbcType=VARCHAR},
      </if>
      <if test="record.birthPlace != null">
        birthPlace = #{record.birthPlace,jdbcType=VARCHAR},
      </if>
      <if test="record.nation != null">
        nation = #{record.nation,jdbcType=VARCHAR},
      </if>
      <if test="record.country != null">
        country = #{record.country,jdbcType=VARCHAR},
      </if>
      <if test="record.telephone != null">
        Telephone = #{record.telephone,jdbcType=VARCHAR},
      </if>
      <if test="record.idplace != null">
        Idplace = #{record.idplace,jdbcType=VARCHAR},
      </if>
      <if test="record.isDelete != null">
        isDelete = #{record.isDelete,jdbcType=INTEGER},
      </if>
    </set>
    <if test="_parameter != null">
      <include refid="Update_By_Example_Where_Clause" />
    </if>
  </update>
  <update id="updateByExample" parameterType="map">
    update User
    set userId = #{record.userId,jdbcType=INTEGER},
      poId = #{record.poId,jdbcType=INTEGER},
      departmentID = #{record.departmentID,jdbcType=INTEGER},
      userName = #{record.userName,jdbcType=VARCHAR},
      userPassword = #{record.userPassword,jdbcType=VARCHAR},
      userPhoto = #{record.userPhoto,jdbcType=VARCHAR},
      userSex = #{record.userSex,jdbcType=VARCHAR},
      userBirthday = #{record.userBirthday,jdbcType=DATE},
      userCard = #{record.userCard,jdbcType=VARCHAR},
      userState = #{record.userState,jdbcType=INTEGER},
      userDescribe = #{record.userDescribe,jdbcType=VARCHAR},
      marrySituation = #{record.marrySituation,jdbcType=VARCHAR},
      level = #{record.level,jdbcType=VARCHAR},
      birthPlace = #{record.birthPlace,jdbcType=VARCHAR},
      nation = #{record.nation,jdbcType=VARCHAR},
      country = #{record.country,jdbcType=VARCHAR},
      Telephone = #{record.telephone,jdbcType=VARCHAR},
      Idplace = #{record.idplace,jdbcType=VARCHAR},
      isDelete = #{record.isDelete,jdbcType=INTEGER}
    <if test="_parameter != null">
      <include refid="Update_By_Example_Where_Clause" />
    </if>
  </update>
  <update id="updateByPrimaryKeySelective" parameterType="com.web.entity.User">
    update User
    <set>
      <if test="poId != null">
        poId = #{poId,jdbcType=INTEGER},
      </if>
      <if test="departmentID != null">
        departmentID = #{departmentID,jdbcType=INTEGER},
      </if>
      <if test="userName != null">
        userName = #{userName,jdbcType=VARCHAR},
      </if>
      <if test="userPassword != null">
        userPassword = #{userPassword,jdbcType=VARCHAR},
      </if>
      <if test="userPhoto != null">
        userPhoto = #{userPhoto,jdbcType=VARCHAR},
      </if>
      <if test="userSex != null">
        userSex = #{userSex,jdbcType=VARCHAR},
      </if>
      <if test="userBirthday != null">
        userBirthday = #{userBirthday,jdbcType=DATE},
      </if>
      <if test="userCard != null">
        userCard = #{userCard,jdbcType=VARCHAR},
      </if>
      <if test="userState != null">
        userState = #{userState,jdbcType=INTEGER},
      </if>
      <if test="userDescribe != null">
        userDescribe = #{userDescribe,jdbcType=VARCHAR},
      </if>
      <if test="marrySituation != null">
        marrySituation = #{marrySituation,jdbcType=VARCHAR},
      </if>
      <if test="level != null">
        level = #{level,jdbcType=VARCHAR},
      </if>
      <if test="birthPlace != null">
        birthPlace = #{birthPlace,jdbcType=VARCHAR},
      </if>
      <if test="nation != null">
        nation = #{nation,jdbcType=VARCHAR},
      </if>
      <if test="country != null">
        country = #{country,jdbcType=VARCHAR},
      </if>
      <if test="telephone != null">
        Telephone = #{telephone,jdbcType=VARCHAR},
      </if>
      <if test="idplace != null">
        Idplace = #{idplace,jdbcType=VARCHAR},
      </if>
      <if test="isDelete != null">
        isDelete = #{isDelete,jdbcType=INTEGER},
      </if>
    </set>
    where userId = #{userId,jdbcType=INTEGER}
  </update>
  <update id="updateByPrimaryKey" parameterType="com.web.entity.User">
    update User
    set poId = #{poId,jdbcType=INTEGER},
      departmentID = #{departmentID,jdbcType=INTEGER},
      userName = #{userName,jdbcType=VARCHAR},
      userPassword = #{userPassword,jdbcType=VARCHAR},
      userPhoto = #{userPhoto,jdbcType=VARCHAR},
      userSex = #{userSex,jdbcType=VARCHAR},
      userBirthday = #{userBirthday,jdbcType=DATE},
      userCard = #{userCard,jdbcType=VARCHAR},
      userState = #{userState,jdbcType=INTEGER},
      userDescribe = #{userDescribe,jdbcType=VARCHAR},
      marrySituation = #{marrySituation,jdbcType=VARCHAR},
      level = #{level,jdbcType=VARCHAR},
      birthPlace = #{birthPlace,jdbcType=VARCHAR},
      nation = #{nation,jdbcType=VARCHAR},
      country = #{country,jdbcType=VARCHAR},
      Telephone = #{telephone,jdbcType=VARCHAR},
      Idplace = #{idplace,jdbcType=VARCHAR},
      isDelete = #{isDelete,jdbcType=INTEGER}
    where userId = #{userId,jdbcType=INTEGER}
  </update>
  </mapper>